1,google.com
2,youtube.com
3,tmall.com
4,qq.com
5,baidu.com
6,sohu.com
7,taobao.com
8,facebook.com
9,360.cn
10,jd.com
11,amazon.com
12,yahoo.com
13,wikipedia.org
14,weibo.com
15,zoom.us
16,sina.com.cn
17,live.com
18,panda.tv
19,zhanqi.tv
20,microsoft.com
21,office.com
22,netflix.com
23,force.com
24,instagram.com
25,canva.com
26,google.com.hk
27,reddit.com
28,csdn.net
29,alipay.com
30,myshopify.com
31,bing.com
32,vk.com
33,yahoo.co.jp
34,microsoftonline.com
35,twitter.com
36,naver.com
37,bongacams.com
38,xinhuanet.com
39,linkedin.com
40,yy.com
41,apple.com
42,huanqiu.com
43,adobe.com
44,coinmarketcap.com
45,17ok.com
46,chaturbate.com
47,amazon.in
48,tianya.cn
49,amazon.co.jp
50,haosou.com
51,ebay.com
52,msn.com
53,1688.com
54,okezone.com
55,aliexpress.com
56,tiktok.com
57,yandex.ru
58,whatsapp.com
59,dropbox.com
60,twitch.tv
61,indeed.com
62,binance.com
63,tradingview.com
64,mail.ru
65,chase.com
66,wordpress.com
67,cctv.com
68,opensea.io
69,so.com
70,etsy.com
71,amazonaws.com
72,imdb.com
73,google.com.br
74,spotify.com
75,blogger.com
76,mama.cn
77,google.co.in
78,liputan6.com
79,paypal.com
80,google.co.jp
81,pikiran-rakyat.com
82,alibaba.com
83,freepik.com
84,pornhub.com
85,6.cn
86,google.de
87,semrush.com
88,ci123.com
89,cnzz.com
90,gome.com.cn
91,yaolan.com
92,rednet.cn
93,salesforce.com
94,telegram.org
95,cnblogs.com
96,intuit.com
97,tribunnews.com
98,walmart.com
99,google.fr
100,chatwork.com
